Brand,Category,CountryOfOrigin,Description,Design_Styling,Item_url,ManufacturedBy,Native_product_id,PrimaryColor,Season,SeasonYear,Subcategory1,Subcategory2,Subcategory3,Title,available_colors,currencyIso,currentPrice,discount,fabric,fashionType,fit,image_urls,length,modelImage,neck,occasion,originalPrice,pattern,productGroups,productType,product_detail,product_id,sizeTag,sleeve_styling,source
Veromoda,Fashion,China,"Light beige solid women's belt, secured with a tang closure.",,https://www.veromoda.in/fashion-vm/fashion-accessories-vm/vm-belt/111016401-oatmeal,"Wenzhou Everstar Import &Export Co.No.165 Wenzhou Avenue, Economic,Wenzhou,325011",,,,,Accessories,,,Beige Belt,,INR,909,(30% Off),100% Polyurethane,,,"https://images.bestsellerclothing.in/data/vero-moda/oct-4-2021/111016401_g1.JPG?width=1080&height=1355&mode=fill&fill=blur&format=auto,https://images.bestsellerclothing.in/data/vero-moda/oct-4-2021/111016401_g0.JPG?width=1080&height=1355&mode=fill&fill=blur&format=auto,https://images.bestsellerclothing.in/data/vero-moda/oct-4-2021/111016401_g2.JPG?width=1080&height=1355&mode=fill&fill=blur&format=auto,https://images.bestsellerclothing.in/data/vero-moda/oct-4-2021/111016401_g3.JPG?width=1080&height=1355&mode=fill&fill=blur&format=auto",,,,Casual,1299,Plain coloured,,,"{""S"": ""33"", ""XL"": ""95"", ""SKU"": ""111016401-Oatmeal"", ""Color"": ""Beige"", ""Fabric"": ""100% Polyurethane"", ""Pattern"": ""Plain coloured"", ""Occasion"": ""Casual"", ""Care Instruction"": ""Wipe with cloth"", ""Country of Origin"": ""China"", ""Name & Address of Manufacturer / Importer"": ""Wenzhou Everstar Import &Export Co.No.165 Wenzhou Avenue, Economic,Wenzhou,325011""}",,,,Veromoda
Veromoda,Fashion,China,"Women's black waist belt with gold buckle, perfect for casual and partywear.",,https://www.veromoda.in/fashion-vm/fashion-accessories-vm/vm-belt/255866501-black,"Wenzhou Everstar Import &Export Co.No.165 Wenzhou Avenue, Economic,Wenzhou,325011",,,,,Accessories,,,Black Waist Belt ,,INR,1049,(30% Off),100% Polyurethane,,,"https://images.bestsellerclothing.in/data/vm/07Oct2021/255866501_g1.jpg?width=1080&height=1355&mode=fill&fill=blur&format=auto,https://images.bestsellerclothing.in/data/vm/07Oct2021/255866501_g0.JPG?width=1080&height=1355&mode=fill&fill=blur&format=auto,https://images.bestsellerclothing.in/data/vm/07Oct2021/255866501_g2.jpg?width=1080&height=1355&mode=fill&fill=blur&format=auto,https://images.bestsellerclothing.in/data/vm/07Oct2021/255866501_g3.jpg?width=1080&height=1355&mode=fill&fill=blur&format=auto",,,,Casual,1499,Printed,,,"{""SKU"": ""255866501-Black"", ""Color"": ""Black"", ""Fabric"": ""100% Polyurethane"", ""Pattern"": ""Printed"", ""Occasion"": ""Casual"", ""Care Instruction"": ""Wipe with cloth"", ""Country of Origin"": ""China"", ""Name & Address of Manufacturer / Importer"": ""Wenzhou Everstar Import &Export Co.No.165 Wenzhou Avenue, Economic,Wenzhou,325011""}",,,,Veromoda
Veromoda,Fashion,China,Pack of 3 statement women's belts.,,https://www.veromoda.in/fashion-vm/fashion-accessories-vm/vm-belt/255866401-black,"Wenzhou Everstar Import &Export Co.No.165 Wenzhou Avenue, Economic,Wenzhou,325011",,,,,Accessories,,,"Black, Shimmer & Maroon Belts - Pack of 3 ",,INR,1119,(30% Off),100% Polyurethane,,,"https://images.bestsellerclothing.in/data/vm/07Oct2021/255866401_g1.jpg?width=1080&height=1355&mode=fill&fill=blur&format=auto,https://images.bestsellerclothing.in/data/vm/07Oct2021/255866401_g0.JPG?width=1080&height=1355&mode=fill&fill=blur&format=auto,https://images.bestsellerclothing.in/data/vm/07Oct2021/255866401_g2.jpg?width=1080&height=1355&mode=fill&fill=blur&format=auto,https://images.bestsellerclothing.in/data/vm/07Oct2021/255866401_g3.jpg?width=1080&height=1355&mode=fill&fill=blur&format=auto,https://images.bestsellerclothing.in/data/vm/07Oct2021/255866401_g4.jpg?width=1080&height=1355&mode=fill&fill=blur&format=auto,https://images.bestsellerclothing.in/data/vm/07Oct2021/255866401_g5.jpg?width=1080&height=1355&mode=fill&fill=blur&format=auto,https://images.bestsellerclothing.in/data/vm/07Oct2021/255866401_g6.jpg?width=1080&height=1355&mode=fill&fill=blur&format=auto,https://images.bestsellerclothing.in/data/vm/07Oct2021/255866401_g7.jpg?width=1080&height=1355&mode=fill&fill=blur&format=auto,https://images.bestsellerclothing.in/data/vm/07Oct2021/255866401_g8.jpg?width=1080&height=1355&mode=fill&fill=blur&format=auto,https://images.bestsellerclothing.in/data/vm/07Oct2021/255866401_g9.jpg?width=1080&height=1355&mode=fill&fill=blur&format=auto",,,,Casual,1599,Plain coloured,,,"{""SKU"": ""255866401-Black"", ""Color"": ""Beige"", ""Fabric"": ""100% Polyurethane"", ""Pattern"": ""Plain coloured"", ""Occasion"": ""Casual"", ""Care Instruction"": ""Wipe with cloth"", ""Country of Origin"": ""China"", ""Name & Address of Manufacturer / Importer"": ""Wenzhou Everstar Import &Export Co.No.165 Wenzhou Avenue, Economic,Wenzhou,325011""}",,,,Veromoda
Veromoda,Fashion,China,"Women's beige textured waist belt, woven texture, resin buckle.",,https://www.veromoda.in/fashion-vm/fashion-accessories-vm/vm-belt/111017701-oatmeal,"Wenzhou Everstar Import &Export Co.No.165 Wenzhou Avenue, Economic,Wenzhou,325011",,,,,Accessories,,,Beige Textured Waist Belt,,INR,909,(30% Off),95%Polypropylene 5%Polyurethane,,,"https://images.bestsellerclothing.in/data/vero-moda/oct-4-2021/111017701_g1.jpg?width=1080&height=1355&mode=fill&fill=blur&format=auto,https://images.bestsellerclothing.in/data/vero-moda/oct-4-2021/111017701_g0.JPG?width=1080&height=1355&mode=fill&fill=blur&format=auto,https://images.bestsellerclothing.in/data/vero-moda/oct-4-2021/111017701_g2.jpg?width=1080&height=1355&mode=fill&fill=blur&format=auto,https://images.bestsellerclothing.in/data/vero-moda/oct-4-2021/111017701_g3.jpg?width=1080&height=1355&mode=fill&fill=blur&format=auto",,,,Casual,1299,Textured,,,"{""xS"": ""27.5"", ""s"": ""29.5"", ""L"": ""31"", ""XL"": ""33"", ""SKU"": ""111017701-Oatmeal"", ""Color"": ""Beige"", ""Fabric"": ""95%Polypropylene 5%Polyurethane"", ""Pattern"": ""Textured"", ""Occasion"": ""Casual"", ""Care Instruction"": ""Wipe with cloth"", ""Country of Origin"": ""China"", ""Name & Address of Manufacturer / Importer"": ""Wenzhou Everstar Import &Export Co.No.165 Wenzhou Avenue, Economic,Wenzhou,325011""}",,,,Veromoda
Veromoda,Fashion,China,"Women's brown faux leather belt with a thin golden metal buckle, visible stitch lines.",,https://www.veromoda.in/fashion-vm/fashion-accessories-vm/vm-belt/111016901-oatmeal,"Wenzhou Everstar Import &Export Co.No.165 Wenzhou Avenue, Economic,Wenzhou,325011",,,,,Accessories,,,Brown Buckle Waist Belt,,INR,1049,(30% Off),100% Polyurethane,,,"https://images.bestsellerclothing.in/data/vero-moda/oct-4-2021/111016901_g1.JPG?width=1080&height=1355&mode=fill&fill=blur&format=auto,https://images.bestsellerclothing.in/data/vero-moda/oct-4-2021/111016901_g0.JPG?width=1080&height=1355&mode=fill&fill=blur&format=auto,https://images.bestsellerclothing.in/data/vero-moda/oct-4-2021/111016901_g2.JPG?width=1080&height=1355&mode=fill&fill=blur&format=auto,https://images.bestsellerclothing.in/data/vero-moda/oct-4-2021/111016901_g3.JPG?width=1080&height=1355&mode=fill&fill=blur&format=auto,https://images.bestsellerclothing.in/data/vero-moda/oct-4-2021/111016901_g4.JPG?width=1080&height=1355&mode=fill&fill=blur&format=auto",,,,Casual,1499,Plain coloured,,,"{""xS"": ""27.5"", ""s"": ""29.5"", ""L"": ""31"", ""XL"": ""33"", ""SKU"": ""111016901-Oatmeal"", ""Color"": ""Brown"", ""Fabric"": ""100% Polyurethane"", ""Pattern"": ""Plain coloured"", ""Occasion"": ""Casual"", ""Care Instruction"": ""Wipe with cloth"", ""Country of Origin"": ""China"", ""Name & Address of Manufacturer / Importer"": ""Wenzhou Everstar Import &Export Co.No.165 Wenzhou Avenue, Economic,Wenzhou,325011""}",,,,Veromoda
Veromoda,Fashion,China,Women's beige PU belt with a buckle.,,https://www.veromoda.in/fashion-vm/fashion-accessories-vm/vm-belt/255866301-sepia-rose,"Wenzhou Everstar Import &Export Co.No.165 Wenzhou Avenue, Economic,Wenzhou,325011",,,,,Accessories,,,Beige Belt ,,INR,909,(30% Off),100% Polyurethane,,,"https://images.bestsellerclothing.in/data/vm/07Oct2021/255866301_g1.jpg?width=1080&height=1355&mode=fill&fill=blur&format=auto,https://images.bestsellerclothing.in/data/vm/07Oct2021/255866301_g0.JPG?width=1080&height=1355&mode=fill&fill=blur&format=auto,https://images.bestsellerclothing.in/data/vm/07Oct2021/255866301_g2.jpg?width=1080&height=1355&mode=fill&fill=blur&format=auto,https://images.bestsellerclothing.in/data/vm/07Oct2021/255866301_g3.jpg?width=1080&height=1355&mode=fill&fill=blur&format=auto,https://images.bestsellerclothing.in/data/vm/07Oct2021/255866301_g4.jpg?width=1080&height=1355&mode=fill&fill=blur&format=auto,https://images.bestsellerclothing.in/data/vm/07Oct2021/255866301_g5.jpg?width=1080&height=1355&mode=fill&fill=blur&format=auto,https://images.bestsellerclothing.in/data/vm/07Oct2021/255866301_g6.jpg?width=1080&height=1355&mode=fill&fill=blur&format=auto",,,,Casual,1299,Plain coloured,,,"{""SKU"": ""255866301-Sepia-Rose"", ""Color"": ""Beige"", ""Fabric"": ""100% Polyurethane"", ""Pattern"": ""Plain coloured"", ""Occasion"": ""Casual"", ""Care Instruction"": ""Wipe with cloth"", ""Country of Origin"": ""China"", ""Name & Address of Manufacturer / Importer"": ""Wenzhou Everstar Import &Export Co.No.165 Wenzhou Avenue, Economic,Wenzhou,325011""}",,,,Veromoda
Veromoda,Fashion,China,"Women's beige textured waist belt, woven texture, resin buckle.",,https://www.veromoda.in/fashion-vm/fashion-accessories-vm/vm-belt/111017601-oatmeal,"Wenzhou Everstar Import &Export Co.No.165 Wenzhou Avenue, Economic,Wenzhou,325011",,,,,Accessories,,,Beige Textured Waist Belt,,INR,1189,(30% Off),60%Polyester 40%Elastane,,,"https://images.bestsellerclothing.in/data/vero-moda/oct-4-2021/111017601_g1.jpg?width=1080&height=1355&mode=fill&fill=blur&format=auto,https://images.bestsellerclothing.in/data/vero-moda/oct-4-2021/111017601_g0.JPG?width=1080&height=1355&mode=fill&fill=blur&format=auto,https://images.bestsellerclothing.in/data/vero-moda/oct-4-2021/111017601_g2.jpg?width=1080&height=1355&mode=fill&fill=blur&format=auto,https://images.bestsellerclothing.in/data/vero-moda/oct-4-2021/111017601_g3.jpg?width=1080&height=1355&mode=fill&fill=blur&format=auto",,,,Casual,1699,Textured,,,"{""xS"": ""27.5"", ""s"": ""29.5"", ""L"": ""31"", ""XL"": ""33"", ""SKU"": ""111017601-Oatmeal"", ""Color"": ""Beige"", ""Fabric"": ""60%Polyester 40%Elastane"", ""Pattern"": ""Textured"", ""Occasion"": ""Casual"", ""Care Instruction"": ""Wipe with cloth"", ""Country of Origin"": ""China"", ""Name & Address of Manufacturer / Importer"": ""Wenzhou Everstar Import &Export Co.No.165 Wenzhou Avenue, Economic,Wenzhou,325011""}",,,,Veromoda
Veromoda,Fashion,China,"Women's tan brown PU waist belt, has golden trim and buckle.",,https://www.veromoda.in/fashion-vm/fashion-accessories-vm/vm-belt/255866201-tan,"Wenzhou Everstar Import &Export Co.No.165 Wenzhou Avenue, Economic,Wenzhou,325011",,,,,Accessories,,,Brown Waist Belt ,,INR,1119,(30% Off),100% Polyurethane,,,"https://images.bestsellerclothing.in/data/vm/07Oct2021/255866201_g1.jpg?width=1080&height=1355&mode=fill&fill=blur&format=auto,https://images.bestsellerclothing.in/data/vm/07Oct2021/255866201_g0.JPG?width=1080&height=1355&mode=fill&fill=blur&format=auto,https://images.bestsellerclothing.in/data/vm/07Oct2021/255866201_g2.jpg?width=1080&height=1355&mode=fill&fill=blur&format=auto,https://images.bestsellerclothing.in/data/vm/07Oct2021/255866201_g3.jpg?width=1080&height=1355&mode=fill&fill=blur&format=auto",,,,Casual,1599,Snakeskin texture,,,"{""SKU"": ""255866201-Tan"", ""Color"": ""Brown"", ""Fabric"": ""100% Polyurethane"", ""Pattern"": ""Snakeskin texture"", ""Occasion"": ""Casual"", ""Care Instruction"": ""Wipe with cloth"", ""Country of Origin"": ""China"", ""Name & Address of Manufacturer / Importer"": ""Wenzhou Everstar Import &Export Co.No.165 Wenzhou Avenue, Economic,Wenzhou,325011""}",,,,Veromoda
Veromoda,Fashion,China,"Light beige solid women's belt, secured with a tang closure.",,https://www.veromoda.in/fashion-vm/fashion-accessories-vm/vm-belt/111016701-tortoise-shell,"Wenzhou Everstar Import &Export Co.No.165 Wenzhou Avenue, Economic,Wenzhou,325011",,,,,Accessories,,,Brown Belt,,INR,909,(30% Off),100% Polyurethane,,,"https://images.bestsellerclothing.in/data/vero-moda/oct-4-2021/111016701_g1.JPG?width=1080&height=1355&mode=fill&fill=blur&format=auto,https://images.bestsellerclothing.in/data/vero-moda/oct-4-2021/111016701_g0.JPG?width=1080&height=1355&mode=fill&fill=blur&format=auto,https://images.bestsellerclothing.in/data/vero-moda/oct-4-2021/111016701_g2.JPG?width=1080&height=1355&mode=fill&fill=blur&format=auto,https://images.bestsellerclothing.in/data/vero-moda/oct-4-2021/111016701_g3.JPG?width=1080&height=1355&mode=fill&fill=blur&format=auto",,,,Casual,1299,Plain coloured,,,"{""S"": ""33"", ""XL"": ""95"", ""SKU"": ""111016701-Tortoise-Shell"", ""Color"": ""Brown"", ""Fabric"": ""100% Polyurethane"", ""Pattern"": ""Plain coloured"", ""Occasion"": ""Casual"", ""Care Instruction"": ""Wipe with cloth"", ""Country of Origin"": ""China"", ""Name & Address of Manufacturer / Importer"": ""Wenzhou Everstar Import &Export Co.No.165 Wenzhou Avenue, Economic,Wenzhou,325011""}",,,,Veromoda
Veromoda,Fashion,India,Yellow Belt,,https://www.veromoda.in/fashion-vm/fashion-accessories-vm/vm-belt/211627601-pale%20banana,"Vero Moda Retail Private Limited, 4Th Floor, The Lalit Mumbai, Sahar Airport Road Sahar Andheri-East, 400 059 Mumbai, India",,,,,Accessories,,, Yellow Belt,,INR,400,(50% Off),100%Polyurethane%%,,,"https://images.bestsellerclothing.in/data/vm/16-09-2020/211627601_g1.jpg?width=1080&height=1355&mode=fill&fill=blur&format=auto,https://images.bestsellerclothing.in/data/vm/16-09-2020/211627601_g0.jpg?width=1080&height=1355&mode=fill&fill=blur&format=auto,https://images.bestsellerclothing.in/data/vm/16-09-2020/211627601_g2.jpg?width=1080&height=1355&mode=fill&fill=blur&format=auto",,,,Casual,799,Plain Coloured,,,"{""SKU"": ""211627601-Pale Banana"", ""Fabric"": ""100%Polyurethane%%"", ""Pattern"": ""Plain Coloured"", ""Occasion"": ""Casual"", ""Care Instruction"": ""Wipe with cotton cloth"", ""Country of Origin"": ""India"", ""Name & Address of Manufacturer / Importer"": ""Vero Moda Retail Private Limited, 4Th Floor, The Lalit Mumbai, Sahar Airport Road Sahar Andheri-East, 400 059 Mumbai, India""}",,,,Veromoda
Veromoda,Fashion,China,"Black solid belt with stud embellishments, broad at the closure, secured with a tang closure.",,https://www.veromoda.in/fashion-vm/fashion-accessories-vm/vm-belt/111016301-black,"Wenzhou Everstar Import &Export Co.No.165 Wenzhou Avenue, Economic,Wenzhou,325011",,,,,Accessories,,,Black Gold Studded Belt ,,INR,1189,(30% Off),60%Polyurethane 35%Iron 5%Zinc,,,"https://images.bestsellerclothing.in/data/vero-moda/oct-4-2021/111016301_g1.jpg?width=1080&height=1355&mode=fill&fill=blur&format=auto,https://images.bestsellerclothing.in/data/vero-moda/oct-4-2021/111016301_g0.JPG?width=1080&height=1355&mode=fill&fill=blur&format=auto,https://images.bestsellerclothing.in/data/vero-moda/oct-4-2021/111016301_g2.jpg?width=1080&height=1355&mode=fill&fill=blur&format=auto,https://images.bestsellerclothing.in/data/vero-moda/oct-4-2021/111016301_g3.jpg?width=1080&height=1355&mode=fill&fill=blur&format=auto",,,,Casual,1699,Embellished,,,"{""xS"": ""27.5"", ""s"": ""29.5"", ""L"": ""31"", ""XL"": ""33"", ""SKU"": ""111016301-Black"", ""Color"": ""Black"", ""Fabric"": ""60%Polyurethane 35%Iron 5%Zinc"", ""Pattern"": ""Embellished"", ""Occasion"": ""Casual"", ""Care Instruction"": ""Wipe with cloth"", ""Country of Origin"": ""China"", ""Name & Address of Manufacturer / Importer"": ""Wenzhou Everstar Import &Export Co.No.165 Wenzhou Avenue, Economic,Wenzhou,325011""}",,,,Veromoda
Veromoda,Fashion,China,"Women's black snake skin textured belt, secured with a tang closure.",,https://www.veromoda.in/fashion-vm/fashion-accessories-vm/vm-belt/111016801-black,"Wenzhou Everstar Import &Export Co.No.165 Wenzhou Avenue, Economic,Wenzhou,325011",,,,,Accessories,,,Black Snake Skin Textured Belt,,INR,909,(30% Off),100% Polyurethane,,,"https://images.bestsellerclothing.in/data/vero-moda/oct-4-2021/111016801_g1.JPG?width=1080&height=1355&mode=fill&fill=blur&format=auto,https://images.bestsellerclothing.in/data/vero-moda/oct-4-2021/111016801_g0.JPG?width=1080&height=1355&mode=fill&fill=blur&format=auto,https://images.bestsellerclothing.in/data/vero-moda/oct-4-2021/111016801_g2.JPG?width=1080&height=1355&mode=fill&fill=blur&format=auto,https://images.bestsellerclothing.in/data/vero-moda/oct-4-2021/111016801_g3.JPG?width=1080&height=1355&mode=fill&fill=blur&format=auto",,,,Casual,1299,Animal print,,,"{""S"": ""33"", ""XL"": ""95"", ""SKU"": ""111016801-Black"", ""Color"": ""Black"", ""Fabric"": ""100% Polyurethane"", ""Pattern"": ""Animal print"", ""Occasion"": ""Casual"", ""Care Instruction"": ""Wipe with cloth"", ""Country of Origin"": ""China"", ""Name & Address of Manufacturer / Importer"": ""Wenzhou Everstar Import &Export Co.No.165 Wenzhou Avenue, Economic,Wenzhou,325011""}",,,,Veromoda
Veromoda,Fashion,China,"Two- toned colourblocked funcitonal handbag with detachable hand held strap, gold round ring detail, main compartment with zip, zip at the back.",,https://www.veromoda.in/fashion-vm/fashion-accessories-vm/fashion-bags-belts-wallets-vm/222339901-tan,"Kerisse Handbag Company LimitedFlat B5, 6/F, Blk B,,Kowloon,000000",,,,,Accessories,,,Tan Colourblocked Handbag,,INR,2309,(30% Off),100% Polyurethane,,,"https://images.bestsellerclothing.in/data/vero-moda/24-Sep-2021/222339901_g1.jpg?width=1080&height=1355&mode=fill&fill=blur&format=auto,https://images.bestsellerclothing.in/data/vero-moda/24-Sep-2021/222339901_g0.JPG?width=1080&height=1355&mode=fill&fill=blur&format=auto,https://images.bestsellerclothing.in/data/vero-moda/24-Sep-2021/222339901_g2.jpg?width=1080&height=1355&mode=fill&fill=blur&format=auto,https://images.bestsellerclothing.in/data/vero-moda/24-Sep-2021/222339901_g3.jpg?width=1080&height=1355&mode=fill&fill=blur&format=auto,https://images.bestsellerclothing.in/data/vero-moda/24-Sep-2021/222339901_g4.jpg?width=1080&height=1355&mode=fill&fill=blur&format=auto,https://images.bestsellerclothing.in/data/vero-moda/24-Sep-2021/222339901_g5.JPG?width=1080&height=1355&mode=fill&fill=blur&format=auto,https://images.bestsellerclothing.in/data/vero-moda/24-Sep-2021/222339901_g6.jpg?width=1080&height=1355&mode=fill&fill=blur&format=auto",,,,Casual,3299,Colourblocked,,,"{""SKU"": ""222339901-Tan"", ""Color"": ""Brown"", ""Fabric"": ""100% Polyurethane"", ""Pattern"": ""Colourblocked"", ""Occasion"": ""Casual"", ""Care Instruction"": ""Wipe with Cloth"", ""Country of Origin"": ""China"", ""Name & Address of Manufacturer / Importer"": ""Kerisse Handbag Company LimitedFlat B5, 6/F, Blk B,,Kowloon,000000""}",,,,Veromoda
Veromoda,Fashion,China,"Women's blue waist belt made with pu leather,golden thin buckle, textured, thin.",,https://www.veromoda.in/fashion-vm/fashion-accessories-vm/vm-belt/259693501-medium-blue-denim,Wenzhou Everstar Import &,,,,,Accessories,,,Blue Waist Belt ,,INR,909,(30% Off),100% Polyurethane,,,"https://images.bestsellerclothing.in/data/vero-moda/oct-21-2021/259693501_g1.jpg?width=1080&height=1355&mode=fill&fill=blur&format=auto,https://images.bestsellerclothing.in/data/vero-moda/oct-21-2021/259693501_g0.JPG?width=1080&height=1355&mode=fill&fill=blur&format=auto,https://images.bestsellerclothing.in/data/vero-moda/oct-21-2021/259693501_g2.jpg?width=1080&height=1355&mode=fill&fill=blur&format=auto,https://images.bestsellerclothing.in/data/vero-moda/oct-21-2021/259693501_g3.jpg?width=1080&height=1355&mode=fill&fill=blur&format=auto",,,,Casual,1299,Animal print,,,"{""SKU"": ""259693501-Medium-Blue-Denim"", ""Color"": ""Blue"", ""Fabric"": ""100% Polyurethane"", ""Pattern"": ""Animal print"", ""Occasion"": ""Casual"", ""Care Instruction"": ""Wipe with Clothe"", ""Country of Origin"": ""China"", ""Name & Address of Manufacturer / Importer"": ""Wenzhou Everstar Import &""}",,,,Veromoda
Veromoda,Fashion,China,Green PU wallet for women. Has a zipper opening.,,https://www.veromoda.in/fashion-vm/fashion-accessories-vm/fashion-bags-belts-wallets-vm/253029101-bok-choy,"Elegant Supreme Limited10 Jinshi Avenue East, Shiling, Huadu, Guangzhou,China",,,,,Accessories,,,Green PU Wallet,,INR,1259,(30% Off),100%Polyurethane,,,"https://images.bestsellerclothing.in/data/vero-moda/16-dec-2021/253029101_g1.jpg?width=1080&height=1355&mode=fill&fill=blur&format=auto,https://images.bestsellerclothing.in/data/vero-moda/16-dec-2021/253029101_g0.JPG?width=1080&height=1355&mode=fill&fill=blur&format=auto,https://images.bestsellerclothing.in/data/vero-moda/16-dec-2021/253029101_g2.jpg?width=1080&height=1355&mode=fill&fill=blur&format=auto,https://images.bestsellerclothing.in/data/vero-moda/16-dec-2021/253029101_g3.jpg?width=1080&height=1355&mode=fill&fill=blur&format=auto,https://images.bestsellerclothing.in/data/vero-moda/16-dec-2021/253029101_g4.jpg?width=1080&height=1355&mode=fill&fill=blur&format=auto",,,,Casual,1799,Plain coloured,,,"{""SKU"": ""253029101-Bok-Choy"", ""Color"": ""Green"", ""Fabric"": ""100%Polyurethane"", ""Pattern"": ""Plain coloured"", ""Occasion"": ""Casual"", ""Care Instruction"": ""Wipe With Clothe"", ""Country of Origin"": ""China"", ""Name & Address of Manufacturer / Importer"": ""Elegant Supreme Limited10 Jinshi Avenue East, Shiling, Huadu, Guangzhou,China""}",,,,Veromoda
Veromoda,Fashion,,Women's blue animal print textured handbag.,,https://www.veromoda.in/fashion-vm/fashion-accessories-vm/fashion-bags-belts-wallets-vm/205640701-dazzling-blue,Elegant Supreme Limited,,,,,Accessories,,,Blue Textured Handbag,,INR,2449,(30% Off),PU,,,"https://images.bestsellerclothing.in/data/vero-moda/24-nov-2021/205640701_g1.jpg?width=1080&height=1355&mode=fill&fill=blur&format=auto,https://images.bestsellerclothing.in/data/vero-moda/24-nov-2021/205640701_g0.JPG?width=1080&height=1355&mode=fill&fill=blur&format=auto,https://images.bestsellerclothing.in/data/vero-moda/24-nov-2021/205640701_g2.jpg?width=1080&height=1355&mode=fill&fill=blur&format=auto,https://images.bestsellerclothing.in/data/vero-moda/24-nov-2021/205640701_g3.jpg?width=1080&height=1355&mode=fill&fill=blur&format=auto,https://images.bestsellerclothing.in/data/vero-moda/24-nov-2021/205640701_g4.jpg?width=1080&height=1355&mode=fill&fill=blur&format=auto",,,,Casual,3499,Animal print,,,"{""SKU"": ""205640701-Dazzling Blue"", ""Color"": ""Blue"", ""Fabric"": ""PU"", ""Pattern"": ""Animal print"", ""Occasion"": ""Casual"", ""Care Instruction"": ""Wipe With Clothe"", ""Name & Address of Manufacturer / Importer"": ""Elegant Supreme Limited""}",,,,Veromoda
Veromoda,Fashion,China,"Statement handbag with detachable straps, round ring buckle detail, main compartment with main body flap, zip on the inside, zip at the back.",,https://www.veromoda.in/fashion-vm/fashion-accessories-vm/fashion-bags-belts-wallets-vm/222340001-mesa-rose,"Kerisse Handbag Company LimitedFlat B5, 6/F, Blk B,,Kowloon,000000",,,,,Accessories,,,Mauve Pink Buckle Handbag,,INR,1959,(30% Off),100% Polyurethane,,,"https://images.bestsellerclothing.in/data/vero-moda/24-Sep-2021/222340001_g1.jpg?width=1080&height=1355&mode=fill&fill=blur&format=auto,https://images.bestsellerclothing.in/data/vero-moda/24-Sep-2021/222340001_g0.JPG?width=1080&height=1355&mode=fill&fill=blur&format=auto,https://images.bestsellerclothing.in/data/vero-moda/24-Sep-2021/222340001_g2.jpg?width=1080&height=1355&mode=fill&fill=blur&format=auto,https://images.bestsellerclothing.in/data/vero-moda/24-Sep-2021/222340001_g3.jpg?width=1080&height=1355&mode=fill&fill=blur&format=auto,https://images.bestsellerclothing.in/data/vero-moda/24-Sep-2021/222340001_g4.jpg?width=1080&height=1355&mode=fill&fill=blur&format=auto,https://images.bestsellerclothing.in/data/vero-moda/24-Sep-2021/222340001_g5.jpg?width=1080&height=1355&mode=fill&fill=blur&format=auto,https://images.bestsellerclothing.in/data/vero-moda/24-Sep-2021/222340001_g6.jpg?width=1080&height=1355&mode=fill&fill=blur&format=auto",,,,Casual,2799,Plain coloured,,,"{""SKU"": ""222340001-Mesa-Rose"", ""Color"": ""Pink"", ""Fabric"": ""100% Polyurethane"", ""Pattern"": ""Plain coloured"", ""Occasion"": ""Casual"", ""Care Instruction"": ""Wipe with Cloth"", ""Country of Origin"": ""China"", ""Name & Address of Manufacturer / Importer"": ""Kerisse Handbag Company LimitedFlat B5, 6/F, Blk B,,Kowloon,000000""}",,,,Veromoda
Veromoda,Fashion,China,"Stylish utility backpack with one main compartment with zip, front compartment has a  flap, adjustable shoulder straps, zipper at the back.",,https://www.veromoda.in/fashion-vm/fashion-accessories-vm/fashion-bags-belts-wallets-vm/222340101-buckthorn-brown,"Kerisse Handbag Company LimitedFlat B5, 6/F, Blk B,,Kowloon,000000",,,,,Accessories,,,Mustard Backpack ,,INR,2659,(30% Off),100% Polyurethane,,,"https://images.bestsellerclothing.in/data/vero-moda/24-Sep-2021/222340101_g1.jpg?width=1080&height=1355&mode=fill&fill=blur&format=auto,https://images.bestsellerclothing.in/data/vero-moda/24-Sep-2021/222340101_g0.JPG?width=1080&height=1355&mode=fill&fill=blur&format=auto,https://images.bestsellerclothing.in/data/vero-moda/24-Sep-2021/222340101_g2.jpg?width=1080&height=1355&mode=fill&fill=blur&format=auto,https://images.bestsellerclothing.in/data/vero-moda/24-Sep-2021/222340101_g3.jpg?width=1080&height=1355&mode=fill&fill=blur&format=auto,https://images.bestsellerclothing.in/data/vero-moda/24-Sep-2021/222340101_g4.jpg?width=1080&height=1355&mode=fill&fill=blur&format=auto,https://images.bestsellerclothing.in/data/vero-moda/24-Sep-2021/222340101_g5.jpg?width=1080&height=1355&mode=fill&fill=blur&format=auto",,,,Casual,3799,Plain coloured,,,"{""SKU"": ""222340101-Buckthorn-Brown"", ""Color"": ""Brown"", ""Fabric"": ""100% Polyurethane"", ""Pattern"": ""Plain coloured"", ""Occasion"": ""Casual"", ""Care Instruction"": ""Wipe with Cloth"", ""Country of Origin"": ""China"", ""Name & Address of Manufacturer / Importer"": ""Kerisse Handbag Company LimitedFlat B5, 6/F, Blk B,,Kowloon,000000""}",,,,Veromoda
Veromoda,Fashion,China,"Black solid waist belt with embellished belt with chain detailing, secured with a push pin closure.",,https://www.veromoda.in/fashion-vm/fashion-accessories-vm/vm-belt/110973701-black,"Wenzhou Everstar Import &Export Co.No.165 Wenzhou Avenue, Economic,Wenzhou,325011",,,,,Accessories,,,Black & Gold Waist Belt,,INR,1049,(30% Off),60%Polyurethane 40%Zinc,,,"https://images.bestsellerclothing.in/data/vero-moda/oct-4-2021/110973701_g1.jpg?width=1080&height=1355&mode=fill&fill=blur&format=auto,https://images.bestsellerclothing.in/data/vero-moda/oct-4-2021/110973701_g0.JPG?width=1080&height=1355&mode=fill&fill=blur&format=auto,https://images.bestsellerclothing.in/data/vero-moda/oct-4-2021/110973701_g2.jpg?width=1080&height=1355&mode=fill&fill=blur&format=auto,https://images.bestsellerclothing.in/data/vero-moda/oct-4-2021/110973701_g3.JPG?width=1080&height=1355&mode=fill&fill=blur&format=auto,https://images.bestsellerclothing.in/data/vero-moda/oct-4-2021/110973701_g4.JPG?width=1080&height=1355&mode=fill&fill=blur&format=auto",,,,Casual,1499,Embellished,,,"{""xS"": ""27.5"", ""s"": ""29.5"", ""L"": ""31"", ""XL"": ""33"", ""SKU"": ""110973701-Black"", ""Color"": ""Black"", ""Fabric"": ""60%Polyurethane 40%Zinc"", ""Pattern"": ""Embellished"", ""Occasion"": ""Casual"", ""Care Instruction"": ""Wipe with cloth"", ""Country of Origin"": ""China"", ""Name & Address of Manufacturer / Importer"": ""Wenzhou Everstar Import &Export Co.No.165 Wenzhou Avenue, Economic,Wenzhou,325011""}",,,,Veromoda
Veromoda,Fashion,China,"White sling bag with detachable contrast hand-held straps, main compartment comes with a flap, snap button closure.",,https://www.veromoda.in/fashion-vm/fashion-accessories-vm/fashion-bags-belts-wallets-vm/222340201-ash,"Kerisse Handbag Company LimitedFlat B5, 6/F, Blk B,,Kowloon,000000",,,,,Accessories,,,White Sling Bag,,INR,1959,(30% Off),100% Polyurethane,,,"https://images.bestsellerclothing.in/data/vero-moda/24-Sep-2021/222340201_g1.jpg?width=1080&height=1355&mode=fill&fill=blur&format=auto,https://images.bestsellerclothing.in/data/vero-moda/24-Sep-2021/222340201_g0.JPG?width=1080&height=1355&mode=fill&fill=blur&format=auto,https://images.bestsellerclothing.in/data/vero-moda/24-Sep-2021/222340201_g2.jpg?width=1080&height=1355&mode=fill&fill=blur&format=auto,https://images.bestsellerclothing.in/data/vero-moda/24-Sep-2021/222340201_g3.jpg?width=1080&height=1355&mode=fill&fill=blur&format=auto,https://images.bestsellerclothing.in/data/vero-moda/24-Sep-2021/222340201_g4.jpg?width=1080&height=1355&mode=fill&fill=blur&format=auto,https://images.bestsellerclothing.in/data/vero-moda/24-Sep-2021/222340201_g5.jpg?width=1080&height=1355&mode=fill&fill=blur&format=auto,https://images.bestsellerclothing.in/data/vero-moda/24-Sep-2021/222340201_g6.jpg?width=1080&height=1355&mode=fill&fill=blur&format=auto",,,,Casual,2799,Plain coloured,,,"{""SKU"": ""222340201-Ash"", ""Color"": ""White"", ""Fabric"": ""100% Polyurethane"", ""Pattern"": ""Plain coloured"", ""Occasion"": ""Casual"", ""Care Instruction"": ""Wipe with Cloth"", ""Country of Origin"": ""China"", ""Name & Address of Manufacturer / Importer"": ""Kerisse Handbag Company LimitedFlat B5, 6/F, Blk B,,Kowloon,000000""}",,,,Veromoda
Veromoda,Fashion,China,"Stylish utility backpack with one main compartment with zip, front compartment has a  flap, adjustable shoulder straps, zipper at the back.",,https://www.veromoda.in/fashion-vm/fashion-accessories-vm/fashion-bags-belts-wallets-vm/222340401-jadeite,"Kerisse Handbag Company LimitedFlat B5, 6/F, Blk B,,Kowloon,000000",,,,,Accessories,,,Light Green Backpack ,,INR,2449,(30% Off),100% Polyurethane,,,"https://images.bestsellerclothing.in/data/vero-moda/24-Sep-2021/222340401_g1.jpg?width=1080&height=1355&mode=fill&fill=blur&format=auto,https://images.bestsellerclothing.in/data/vero-moda/24-Sep-2021/222340401_g0.JPG?width=1080&height=1355&mode=fill&fill=blur&format=auto,https://images.bestsellerclothing.in/data/vero-moda/24-Sep-2021/222340401_g2.jpg?width=1080&height=1355&mode=fill&fill=blur&format=auto,https://images.bestsellerclothing.in/data/vero-moda/24-Sep-2021/222340401_g3.jpg?width=1080&height=1355&mode=fill&fill=blur&format=auto,https://images.bestsellerclothing.in/data/vero-moda/24-Sep-2021/222340401_g4.jpg?width=1080&height=1355&mode=fill&fill=blur&format=auto,https://images.bestsellerclothing.in/data/vero-moda/24-Sep-2021/222340401_g5.jpg?width=1080&height=1355&mode=fill&fill=blur&format=auto",,,,Casual,3499,Plain coloured,,,"{""SKU"": ""222340401-Jadeite"", ""Color"": ""Green"", ""Fabric"": ""100% Polyurethane"", ""Pattern"": ""Plain coloured"", ""Occasion"": ""Casual"", ""Care Instruction"": ""Wipe with Cloth"", ""Country of Origin"": ""China"", ""Name & Address of Manufacturer / Importer"": ""Kerisse Handbag Company LimitedFlat B5, 6/F, Blk B,,Kowloon,000000""}",,,,Veromoda
Veromoda,Fashion,China,"Women's brown shoulder bag made with pu leather, short handle, buckle like closure.",,https://www.veromoda.in/fashion-vm/fashion-accessories-vm/fashion-bags-belts-wallets-vm/231728001-goji-berry,Miramoda Ltd,,,,,Accessories,,,Brown Shoulder Bag,,INR,2309,(30% Off),100% Polyurethane,,,"https://images.bestsellerclothing.in/data/vero-moda/oct-18-2021/231728001_g1.jpg?width=1080&height=1355&mode=fill&fill=blur&format=auto,https://images.bestsellerclothing.in/data/vero-moda/oct-18-2021/231728001_g0.jpg?width=1080&height=1355&mode=fill&fill=blur&format=auto,https://images.bestsellerclothing.in/data/vero-moda/oct-18-2021/231728001_g2.jpg?width=1080&height=1355&mode=fill&fill=blur&format=auto,https://images.bestsellerclothing.in/data/vero-moda/oct-18-2021/231728001_g3.jpg?width=1080&height=1355&mode=fill&fill=blur&format=auto,https://images.bestsellerclothing.in/data/vero-moda/oct-18-2021/231728001_g4.jpg?width=1080&height=1355&mode=fill&fill=blur&format=auto,https://images.bestsellerclothing.in/data/vero-moda/oct-18-2021/231728001_g5.jpg?width=1080&height=1355&mode=fill&fill=blur&format=auto",,,,Casual,3299,Plain coloured,,,"{""SKU"": ""231728001-Goji-Berry"", ""Color"": ""Brown"", ""Fabric"": ""100% Polyurethane"", ""Pattern"": ""Plain coloured"", ""Occasion"": ""Casual"", ""Care Instruction"": ""Machine Wash"", ""Country of Origin"": ""China"", ""Name & Address of Manufacturer / Importer"": ""Miramoda Ltd""}",,,,Veromoda
Veromoda,Fashion,China,Women's green faux leather backpack. Is medium sized with a large front flap.,,https://www.veromoda.in/fashion-vm/fashion-accessories-vm/fashion-bags-belts-wallets-vm/205641101-ponderosa-pine,"Elegant Supreme Limited26/F.,Beautiful Group Tower,,Hong Kong,999077",,,,,Accessories,,,Green Faux Leather Backpack,,INR,2309,(30% Off),100% Polyurethane,,,"https://images.bestsellerclothing.in/data/vm/07Oct2021/205641101_g1.jpg?width=1080&height=1355&mode=fill&fill=blur&format=auto,https://images.bestsellerclothing.in/data/vm/07Oct2021/205641101_g0.JPG?width=1080&height=1355&mode=fill&fill=blur&format=auto,https://images.bestsellerclothing.in/data/vm/07Oct2021/205641101_g2.jpg?width=1080&height=1355&mode=fill&fill=blur&format=auto,https://images.bestsellerclothing.in/data/vm/07Oct2021/205641101_g3.jpg?width=1080&height=1355&mode=fill&fill=blur&format=auto,https://images.bestsellerclothing.in/data/vm/07Oct2021/205641101_g4.jpg?width=1080&height=1355&mode=fill&fill=blur&format=auto",,,,Casual,3299,Plain coloured,,,"{""Closure"": ""Zip"", ""SKU"": ""205641101-Ponderosa-Pine"", ""Color"": ""Green"", ""Fabric"": ""100% Polyurethane"", ""Pattern"": ""Plain coloured"", ""Occasion"": ""Casual"", ""Care Instruction"": ""Wipe with cloth"", ""Country of Origin"": ""China"", ""Name & Address of Manufacturer / Importer"": ""Elegant Supreme Limited26/F.,Beautiful Group Tower,,Hong Kong,999077""}",,,,Veromoda
Veromoda,Fashion,China,"Women's Blue hand bag, pu leather, short handle, detachable straps, extra compartment on the front.",,https://www.veromoda.in/fashion-vm/fashion-accessories-vm/fashion-bags-belts-wallets-vm/231779901-ombre-blue,Miramoda Ltd,,,,,Accessories,,,Blue Hand Bag,,INR,2799,(30% Off),100% Polyester-Polyurethane Coated,,,"https://images.bestsellerclothing.in/data/vero-moda/oct-18-2021/231779901_g1.jpg?width=1080&height=1355&mode=fill&fill=blur&format=auto,https://images.bestsellerclothing.in/data/vero-moda/oct-18-2021/231779901_g0.JPG?width=1080&height=1355&mode=fill&fill=blur&format=auto,https://images.bestsellerclothing.in/data/vero-moda/oct-18-2021/231779901_g2.jpg?width=1080&height=1355&mode=fill&fill=blur&format=auto,https://images.bestsellerclothing.in/data/vero-moda/oct-18-2021/231779901_g3.jpg?width=1080&height=1355&mode=fill&fill=blur&format=auto,https://images.bestsellerclothing.in/data/vero-moda/oct-18-2021/231779901_g4.jpg?width=1080&height=1355&mode=fill&fill=blur&format=auto",,,,Casual,3999,Plain coloured,,,"{""SKU"": ""231779901-Ombre-Blue"", ""Color"": ""Blue"", ""Fabric"": ""100% Polyester-Polyurethane Coated"", ""Pattern"": ""Plain coloured"", ""Occasion"": ""Casual"", ""Care Instruction"": ""Machine Wash"", ""Country of Origin"": ""China"", ""Name & Address of Manufacturer / Importer"": ""Miramoda Ltd""}",,,,Veromoda
Veromoda,Fashion,China,"Women's brown clutch, made with pu leather, rectangular, clasp closure, has a handle.",,https://www.veromoda.in/fashion-vm/fashion-accessories-vm/fashion-bags-belts-wallets-vm/231727701-tan,Miramoda Ltd,,,,,Accessories,,,Brown Clutch ,,INR,2099,(30% Off),100% Polyurethane,,,"https://images.bestsellerclothing.in/data/vero-moda/oct-18-2021/231727701_g1.jpg?width=1080&height=1355&mode=fill&fill=blur&format=auto,https://images.bestsellerclothing.in/data/vero-moda/oct-18-2021/231727701_g0.JPG?width=1080&height=1355&mode=fill&fill=blur&format=auto,https://images.bestsellerclothing.in/data/vero-moda/oct-18-2021/231727701_g2.jpg?width=1080&height=1355&mode=fill&fill=blur&format=auto,https://images.bestsellerclothing.in/data/vero-moda/oct-18-2021/231727701_g3.jpg?width=1080&height=1355&mode=fill&fill=blur&format=auto,https://images.bestsellerclothing.in/data/vero-moda/oct-18-2021/231727701_g4.jpg?width=1080&height=1355&mode=fill&fill=blur&format=auto",,,,Casual,2999,Plain coloured,,,"{""SKU"": ""231727701-Tan"", ""Color"": ""Brown"", ""Fabric"": ""100% Polyurethane"", ""Pattern"": ""Plain coloured"", ""Occasion"": ""Casual"", ""Care Instruction"": ""Machine Wash"", ""Country of Origin"": ""China"", ""Name & Address of Manufacturer / Importer"": ""Miramoda Ltd""}",,,,Veromoda
Veromoda,Fashion,China,"Women's brown pu leather crossbody bag with a decoratice buckle detail, large flap, thin strap.",,https://www.veromoda.in/fashion-vm/fashion-accessories-vm/fashion-bags-belts-wallets-vm/231727501-coffee-bean,Miramoda Ltd,,,,,Accessories,,,Brown Crossbody Bag,,INR,1959,(30% Off),100% Polyester-Polyurethane Coated,,,"https://images.bestsellerclothing.in/data/vero-moda/oct-18-2021/231727501_g1.jpg?width=1080&height=1355&mode=fill&fill=blur&format=auto,https://images.bestsellerclothing.in/data/vero-moda/oct-18-2021/231727501_g0.jpg?width=1080&height=1355&mode=fill&fill=blur&format=auto,https://images.bestsellerclothing.in/data/vero-moda/oct-18-2021/231727501_g2.jpg?width=1080&height=1355&mode=fill&fill=blur&format=auto,https://images.bestsellerclothing.in/data/vero-moda/oct-18-2021/231727501_g3.jpg?width=1080&height=1355&mode=fill&fill=blur&format=auto,https://images.bestsellerclothing.in/data/vero-moda/oct-18-2021/231727501_g4.jpg?width=1080&height=1355&mode=fill&fill=blur&format=auto",,,,Casual,2799,Plain coloured,,,"{""SKU"": ""231727501-Coffee-Bean"", ""Color"": ""Brown"", ""Fabric"": ""100% Polyester-Polyurethane Coated"", ""Pattern"": ""Plain coloured"", ""Occasion"": ""Casual"", ""Care Instruction"": ""Machine Wash"", ""Country of Origin"": ""China"", ""Name & Address of Manufacturer / Importer"": ""Miramoda Ltd""}",,,,Veromoda
Veromoda,Fashion,India,Tan Wallet,,https://www.veromoda.in/fashion-vm/fashion-accessories-vm/fashion-bags-belts-wallets-vm/211755101-meerkat,"Vero Moda Retail Private Limited, 4Th Floor, The Lalit Mumbai, Sahar Airport Road Sahar Andheri-East, 400 059 Mumbai, India",,,,,Accessories,,,Tan Wallet,,INR,900,(50% Off),100%Polyurethane,,,"https://images.bestsellerclothing.in/data/vero-moda/04-24-2020/211755101_g1.JPG?width=1080&height=1355&mode=fill&fill=blur&format=auto,https://images.bestsellerclothing.in/data/vero-moda/04-24-2020/211755101_g0.JPG?width=1080&height=1355&mode=fill&fill=blur&format=auto,https://images.bestsellerclothing.in/data/vero-moda/04-24-2020/211755101_g2.JPG?width=1080&height=1355&mode=fill&fill=blur&format=auto,https://images.bestsellerclothing.in/data/vero-moda/04-24-2020/211755101_g3.JPG?width=1080&height=1355&mode=fill&fill=blur&format=auto,https://images.bestsellerclothing.in/data/vero-moda/04-24-2020/211755101_g4.JPG?width=1080&height=1355&mode=fill&fill=blur&format=auto",,,,Casual,1799,Plain Coloured,,,"{""SKU"": ""211755101-Meerkat"", ""Color"": ""Brown"", ""Fabric"": ""100%Polyurethane"", ""Pattern"": ""Plain Coloured"", ""Occasion"": ""Casual"", ""Care Instruction"": ""Wipe With Wet Cotton"", ""Country of Origin"": ""India"", ""Name & Address of Manufacturer / Importer"": ""Vero Moda Retail Private Limited, 4Th Floor, The Lalit Mumbai, Sahar Airport Road Sahar Andheri-East, 400 059 Mumbai, India""}",,,,Veromoda
Veromoda,Fashion,India,Blue Studded Sling Bag,,https://www.veromoda.in/fashion-vm/fashion-accessories-vm/fashion-bags-belts-wallets-vm/211480901-sodalite-blue,"Vero Moda Retail Private Limited, 4Th Floor, The Lalit Mumbai, Sahar Airport Road Sahar Andheri-East, 400 059 Mumbai, India",,,,,Accessories,,,Blue Studded Sling Bag,,INR,900,(50% Off),100%Polyester-Polyurethane Coated,,,"https://images.bestsellerclothing.in/data/vero-moda/04-24-2020/211480901_g1.JPG?width=1080&height=1355&mode=fill&fill=blur&format=auto,https://images.bestsellerclothing.in/data/vero-moda/04-24-2020/211480901_g0.JPG?width=1080&height=1355&mode=fill&fill=blur&format=auto,https://images.bestsellerclothing.in/data/vero-moda/04-24-2020/211480901_g2.JPG?width=1080&height=1355&mode=fill&fill=blur&format=auto,https://images.bestsellerclothing.in/data/vero-moda/04-24-2020/211480901_g3.JPG?width=1080&height=1355&mode=fill&fill=blur&format=auto,https://images.bestsellerclothing.in/data/vero-moda/04-24-2020/211480901_g4.JPG?width=1080&height=1355&mode=fill&fill=blur&format=auto",,,,Casual,1799,,,,"{""SKU"": ""211480901-Sodalite-Blue"", ""Color"": ""Blue"", ""Fabric"": ""100%Polyester-Polyurethane Coated"", ""Occasion"": ""Casual"", ""Care Instruction"": ""Wipe With Wet Cotton"", ""Country of Origin"": ""India"", ""Name & Address of Manufacturer / Importer"": ""Vero Moda Retail Private Limited, 4Th Floor, The Lalit Mumbai, Sahar Airport Road Sahar Andheri-East, 400 059 Mumbai, India""}",,,,Veromoda
Veromoda,Fashion,China,"Maroon textured pu leather women's shoulder bag, has a metal chain detail, thick shoulder strap.",,https://www.veromoda.in/fashion-vm/fashion-accessories-vm/fashion-bags-belts-wallets-vm/231727801-winetasting,Miramoda Ltd,,,,,Accessories,,,Maroon Animal Print Texture Shoulder Bag,,INR,1749,(30% Off),100% Polyester-Polyurethane Coated,,,"https://images.bestsellerclothing.in/data/vero-moda/oct-18-2021/231727801_g1.jpg?width=1080&height=1355&mode=fill&fill=blur&format=auto,https://images.bestsellerclothing.in/data/vero-moda/oct-18-2021/231727801_g0.JPG?width=1080&height=1355&mode=fill&fill=blur&format=auto,https://images.bestsellerclothing.in/data/vero-moda/oct-18-2021/231727801_g2.jpg?width=1080&height=1355&mode=fill&fill=blur&format=auto,https://images.bestsellerclothing.in/data/vero-moda/oct-18-2021/231727801_g3.jpg?width=1080&height=1355&mode=fill&fill=blur&format=auto,https://images.bestsellerclothing.in/data/vero-moda/oct-18-2021/231727801_g4.jpg?width=1080&height=1355&mode=fill&fill=blur&format=auto",,,,Casual,2499,Plain coloured,,,"{""SKU"": ""231727801-Winetasting"", ""Color"": ""Maroon"", ""Fabric"": ""100% Polyester-Polyurethane Coated"", ""Pattern"": ""Plain coloured"", ""Occasion"": ""Casual"", ""Care Instruction"": ""Machine Wash"", ""Country of Origin"": ""China"", ""Name & Address of Manufacturer / Importer"": ""Miramoda Ltd""}",,,,Veromoda
Veromoda,Fashion,China,Beige Striped Straw Bag,,https://www.veromoda.in/fashion-vm/fashion-accessories-vm/fashion-bags-belts-wallets-vm/230559701-birch,"Hma Accessories Ltd 9F, Building1, Gemini International,Hangzhou,310052",,,,,Accessories,,,Beige Striped Straw Bag,,INR,1500,(50% Off),Paperstraw,,,"https://images.bestsellerclothing.in/data/vero-moda/march-23-2021/230559701_g1.jpg?width=1080&height=1355&mode=fill&fill=blur&format=auto,https://images.bestsellerclothing.in/data/vero-moda/march-23-2021/230559701_g0.jpg?width=1080&height=1355&mode=fill&fill=blur&format=auto,https://images.bestsellerclothing.in/data/vero-moda/march-23-2021/230559701_g3.jpg?width=1080&height=1355&mode=fill&fill=blur&format=auto,https://images.bestsellerclothing.in/data/vero-moda/march-23-2021/230559701_g4.jpg?width=1080&height=1355&mode=fill&fill=blur&format=auto,https://images.bestsellerclothing.in/data/vero-moda/march-23-2021/230559701_g5.jpg?width=1080&height=1355&mode=fill&fill=blur&format=auto,https://images.bestsellerclothing.in/data/vero-moda/march-23-2021/230559701_g6.jpg?width=1080&height=1355&mode=fill&fill=blur&format=auto",,,,Casual,2999,Striped,,,"{""SKU"": ""230559701-Birch"", ""Color"": ""Beige"", ""Fabric"": ""Paperstraw"", ""Pattern"": ""Striped"", ""Occasion"": ""Casual"", ""Care Instruction"": ""Wipe with cotton Cloth"", ""Country of Origin"": ""China"", ""Name & Address of Manufacturer / Importer"": ""Hma Accessories Ltd 9F, Building1, Gemini International,Hangzhou,310052""}",,,,Veromoda
Veromoda,Fashion,India,Green Wallet,,https://www.veromoda.in/fashion-vm/fashion-accessories-vm/fashion-bags-belts-wallets-vm/211755202-bok-choy,"Vero Moda Retail Private Limited, 4Th Floor, The Lalit Mumbai, Sahar Airport Road Sahar Andheri-East, 400 059 Mumbai, India",,,,,Accessories,,,Green Wallet,,INR,900,(50% Off),100%Polyurethane,,,"https://images.bestsellerclothing.in/data/vero-moda/04-24-2020/211755202_g1.JPG?width=1080&height=1355&mode=fill&fill=blur&format=auto,https://images.bestsellerclothing.in/data/vero-moda/04-24-2020/211755202_g0.JPG?width=1080&height=1355&mode=fill&fill=blur&format=auto,https://images.bestsellerclothing.in/data/vero-moda/04-24-2020/211755202_g2.JPG?width=1080&height=1355&mode=fill&fill=blur&format=auto,https://images.bestsellerclothing.in/data/vero-moda/04-24-2020/211755202_g3.JPG?width=1080&height=1355&mode=fill&fill=blur&format=auto,https://images.bestsellerclothing.in/data/vero-moda/04-24-2020/211755202_g4.JPG?width=1080&height=1355&mode=fill&fill=blur&format=auto",,,,Casual,1799,Plain Coloured,,,"{""SKU"": ""211755202-Bok-Choy"", ""Color"": ""Green"", ""Fabric"": ""100%Polyurethane"", ""Pattern"": ""Plain Coloured"", ""Occasion"": ""Casual"", ""Care Instruction"": ""Wipe With Wet Cotton"", ""Country of Origin"": ""India"", ""Name & Address of Manufacturer / Importer"": ""Vero Moda Retail Private Limited, 4Th Floor, The Lalit Mumbai, Sahar Airport Road Sahar Andheri-East, 400 059 Mumbai, India""}",,,,Veromoda
Veromoda,Fashion,India,Pink Circular Handle Handbag,,https://www.veromoda.in/fashion-vm/fashion-accessories-vm/fashion-bags-belts-wallets-vm/211325301-misty-rose,"VERO MODA RETAIL PRIVATE LIMITED, 4TH FLOOR, THE LALIT MUMBAI, SAHAR AIRPORT ROAD SAHAR ANDHERI-EAST, 400 059 MUMBAI, INDIA",,,,,Accessories,,,Pink Circular Handle Handbag,,INR,1650,(50% Off),100% Polyurethane,,,"https://images.bestsellerclothing.in/data/vero-moda/march-07-2020/211325301_g1.JPG?width=1080&height=1355&mode=fill&fill=blur&format=auto,https://images.bestsellerclothing.in/data/vero-moda/march-07-2020/211325301_g0.JPG?width=1080&height=1355&mode=fill&fill=blur&format=auto,https://images.bestsellerclothing.in/data/vero-moda/march-07-2020/211325301_g2.JPG?width=1080&height=1355&mode=fill&fill=blur&format=auto,https://images.bestsellerclothing.in/data/vero-moda/march-07-2020/211325301_g3.JPG?width=1080&height=1355&mode=fill&fill=blur&format=auto,https://images.bestsellerclothing.in/data/vero-moda/march-07-2020/211325301_g4.JPG?width=1080&height=1355&mode=fill&fill=blur&format=auto",,,,Casual,3299,Plain Coloured,,,"{""SKU"": ""211325301-Misty-Rose"", ""Color"": ""Pink"", ""Fabric"": ""100% Polyurethane"", ""Pattern"": ""Plain Coloured"", ""Occasion"": ""Casual"", ""Care Instruction"": ""Machine Wash"", ""Country of Origin"": ""India"", ""Name & Address of Manufacturer / Importer"": ""VERO MODA RETAIL PRIVATE LIMITED, 4TH FLOOR, THE LALIT MUMBAI, SAHAR AIRPORT ROAD SAHAR ANDHERI-EAST, 400 059 MUMBAI, INDIA""}",,,,Veromoda
Veromoda,Fashion,India,Brown Hangbag,,https://www.veromoda.in/fashion-vm/fashion-accessories-vm/fashion-bags-belts-wallets-vm/230559901-cognac,"Miramoda Ltd 13A, No. 993 West Nanjing Road,Shanghai,200081",,,,,Accessories,,,Brown Hangbag,,INR,1900,(50% Off),Polyurethane,,,"https://images.bestsellerclothing.in/data/vero-moda/april-01-2021/230559901_g1.jpg?width=1080&height=1355&mode=fill&fill=blur&format=auto,https://images.bestsellerclothing.in/data/vero-moda/april-01-2021/230559901_g0.JPG?width=1080&height=1355&mode=fill&fill=blur&format=auto,https://images.bestsellerclothing.in/data/vero-moda/april-01-2021/230559901_g2.jpg?width=1080&height=1355&mode=fill&fill=blur&format=auto,https://images.bestsellerclothing.in/data/vero-moda/april-01-2021/230559901_g3.jpg?width=1080&height=1355&mode=fill&fill=blur&format=auto,https://images.bestsellerclothing.in/data/vero-moda/april-01-2021/230559901_g4.jpg?width=1080&height=1355&mode=fill&fill=blur&format=auto",,,,Casual,3799,Plain Coloured,,,"{""SKU"": ""230559901-Cognac"", ""Color"": ""Brown"", ""Fabric"": ""Polyurethane"", ""Pattern"": ""Plain Coloured"", ""Occasion"": ""Casual"", ""Care Instruction"": ""Machine wash"", ""Country of Origin"": ""India"", ""Name & Address of Manufacturer / Importer"": ""Miramoda Ltd 13A, No. 993 West Nanjing Road,Shanghai,200081""}",,,,Veromoda
Veromoda,Fashion,China,"Women's pink pu leather sling bag, has a buckle closure, front flap, thin detachable straps.",,https://www.veromoda.in/fashion-vm/fashion-accessories-vm/fashion-bags-belts-wallets-vm/231727601-mesa-rose,Miramoda Ltd,,,,,Accessories,,,Pink Sling Bag,,INR,1959,(30% Off),100% Polyester-Polyurethane Coated,,,"https://images.bestsellerclothing.in/data/vero-moda/oct-18-2021/231727601_g1.jpg?width=1080&height=1355&mode=fill&fill=blur&format=auto,https://images.bestsellerclothing.in/data/vero-moda/oct-18-2021/231727601_g0.JPG?width=1080&height=1355&mode=fill&fill=blur&format=auto,https://images.bestsellerclothing.in/data/vero-moda/oct-18-2021/231727601_g2.jpg?width=1080&height=1355&mode=fill&fill=blur&format=auto,https://images.bestsellerclothing.in/data/vero-moda/oct-18-2021/231727601_g3.jpg?width=1080&height=1355&mode=fill&fill=blur&format=auto,https://images.bestsellerclothing.in/data/vero-moda/oct-18-2021/231727601_g4.jpg?width=1080&height=1355&mode=fill&fill=blur&format=auto,https://images.bestsellerclothing.in/data/vero-moda/oct-18-2021/231727601_g5.jpg?width=1080&height=1355&mode=fill&fill=blur&format=auto,https://images.bestsellerclothing.in/data/vero-moda/oct-18-2021/231727601_g6.jpg?width=1080&height=1355&mode=fill&fill=blur&format=auto",,,,Casual,2799,Plain coloured,,,"{""SKU"": ""231727601-Mesa-Rose"", ""Color"": ""Pink"", ""Fabric"": ""100% Polyester-Polyurethane Coated"", ""Pattern"": ""Plain coloured"", ""Occasion"": ""Casual"", ""Care Instruction"": ""Machine Wash"", ""Country of Origin"": ""China"", ""Name & Address of Manufacturer / Importer"": ""Miramoda Ltd""}",,,,Veromoda
Veromoda,Fashion,China,"Sling bag for women, comes with a chain detailing and straps to carry it, DTM plastic chain detailing, size - small to medium.",,https://www.veromoda.in/fashion-vm/fashion-accessories-vm/fashion-bags-belts-wallets-vm/137969201-dark-olive,"Hk Q & Y Accessories Co., Ltd,Plaza CaoYang Road, PuTuo,Shanghai,200333",,,,,Accessories,,,Green Crossbody Bag,,INR,2499,,100%Polyester-Polyurethane Coated,,,"https://images.bestsellerclothing.in/data/vero-moda/dec-18-2021/137969201_g1.jpg?width=1080&height=1355&mode=fill&fill=blur&format=auto,https://images.bestsellerclothing.in/data/vero-moda/dec-18-2021/137969201_g0.JPG?width=1080&height=1355&mode=fill&fill=blur&format=auto,https://images.bestsellerclothing.in/data/vero-moda/dec-18-2021/137969201_g2.jpg?width=1080&height=1355&mode=fill&fill=blur&format=auto,https://images.bestsellerclothing.in/data/vero-moda/dec-18-2021/137969201_g3.jpg?width=1080&height=1355&mode=fill&fill=blur&format=auto,https://images.bestsellerclothing.in/data/vero-moda/dec-18-2021/137969201_g4.jpg?width=1080&height=1355&mode=fill&fill=blur&format=auto",,,,Casual,,Plain coloured,,,"{""SKU"": ""137969201"", ""Color"": ""green"", ""Fabric"": ""100%Polyester-Polyurethane Coated"", ""Pattern"": ""Plain coloured"", ""Occasion"": ""Casual"", ""Care Instruction"": ""Wipe With Clothe"", ""Country of Origin"": ""China"", ""Name & Address of Manufacturer / Importer"": ""Hk Q & Y Accessories Co., Ltd,Plaza CaoYang Road, PuTuo,Shanghai,200333""}",,,,Veromoda
Veromoda,Fashion,India,Beige Colourblocked Straw Bag,,https://www.veromoda.in/fashion-vm/fashion-accessories-vm/fashion-bags-belts-wallets-vm/211105801-creme-brulee,"VERO MODA RETAIL PRIVATE LIMITED, 4TH FLOOR, THE LALIT MUMBAI, SAHAR AIRPORT ROAD SAHAR ANDHERI-EAST, 400 059 MUMBAI, INDIA",,,,,Accessories,,,Beige Colourblocked Straw Bag,,INR,1500,(50% Off),"Shell: 100% Paperstraw, Shoulderstraps 100% Polyurethane, Lining 80% Polyester, 20% Cotton",,,"https://images.bestsellerclothing.in/data/vero-moda/march-07-2020/211105801_g1.JPG?width=1080&height=1355&mode=fill&fill=blur&format=auto,https://images.bestsellerclothing.in/data/vero-moda/march-07-2020/211105801_g0.JPG?width=1080&height=1355&mode=fill&fill=blur&format=auto,https://images.bestsellerclothing.in/data/vero-moda/march-07-2020/211105801_g2.JPG?width=1080&height=1355&mode=fill&fill=blur&format=auto,https://images.bestsellerclothing.in/data/vero-moda/march-07-2020/211105801_g3.JPG?width=1080&height=1355&mode=fill&fill=blur&format=auto,https://images.bestsellerclothing.in/data/vero-moda/march-07-2020/211105801_g4.JPG?width=1080&height=1355&mode=fill&fill=blur&format=auto",,,,Casual,2999,Colourblocked,,,"{""SKU"": ""211105801-Creme-Brulee"", ""Fabric"": ""Shell: 100% Paperstraw, Shoulderstraps 100% Polyurethane, Lining 80% Polyester, 20% Cotton"", ""Pattern"": ""Colourblocked"", ""Occasion"": ""Casual"", ""Care Instruction"": ""Machine Wash"", ""Country of Origin"": ""India"", ""Name & Address of Manufacturer / Importer"": ""VERO MODA RETAIL PRIVATE LIMITED, 4TH FLOOR, THE LALIT MUMBAI, SAHAR AIRPORT ROAD SAHAR ANDHERI-EAST, 400 059 MUMBAI, INDIA""}",,,,Veromoda
Veromoda,Fashion,China,"Lime yellow women's tote bag, pu leather, printed decorative ribbon, thick straps.",,https://www.veromoda.in/fashion-vm/fashion-accessories-vm/fashion-bags-belts-wallets-vm/231727901-golden-nugget,Miramoda Ltd,,,,,Accessories,,,Yellow Tote Bag,,INR,2449,(30% Off),100% Polyurethane,,,"https://images.bestsellerclothing.in/data/vero-moda/oct-18-2021/231727901_g1.jpg?width=1080&height=1355&mode=fill&fill=blur&format=auto,https://images.bestsellerclothing.in/data/vero-moda/oct-18-2021/231727901_g0.JPG?width=1080&height=1355&mode=fill&fill=blur&format=auto,https://images.bestsellerclothing.in/data/vero-moda/oct-18-2021/231727901_g2.jpg?width=1080&height=1355&mode=fill&fill=blur&format=auto,https://images.bestsellerclothing.in/data/vero-moda/oct-18-2021/231727901_g3.JPG?width=1080&height=1355&mode=fill&fill=blur&format=auto,https://images.bestsellerclothing.in/data/vero-moda/oct-18-2021/231727901_g4.jpg?width=1080&height=1355&mode=fill&fill=blur&format=auto",,,,Casual,3499,Plain coloured,,,"{""SKU"": ""231727901-Golden-Nugget"", ""Color"": ""Yellow"", ""Fabric"": ""100% Polyurethane"", ""Pattern"": ""Plain coloured"", ""Occasion"": ""Casual"", ""Care Instruction"": ""Machine Wash"", ""Country of Origin"": ""China"", ""Name & Address of Manufacturer / Importer"": ""Miramoda Ltd""}",,,,Veromoda
Veromoda,Fashion,India,Black Woven Texture Sling Bag,,https://www.veromoda.in/fashion-vm/fashion-accessories-vm/fashion-bags-belts-wallets-vm/233553901-black,"Miramoda Ltd 13A, No. 993 West Nanjing Road,Shanghai,200081",,,,,Accessories,,,Black Woven Texture Sling Bag ,,INR,1500,(50% Off),Polyurethane,,,"https://images.bestsellerclothing.in/data/vero-moda/april-01-2021/233553901_g1.jpg?width=1080&height=1355&mode=fill&fill=blur&format=auto,https://images.bestsellerclothing.in/data/vero-moda/april-01-2021/233553901_g0.jpg?width=1080&height=1355&mode=fill&fill=blur&format=auto,https://images.bestsellerclothing.in/data/vero-moda/april-01-2021/233553901_g2.jpg?width=1080&height=1355&mode=fill&fill=blur&format=auto,https://images.bestsellerclothing.in/data/vero-moda/april-01-2021/233553901_g3.jpg?width=1080&height=1355&mode=fill&fill=blur&format=auto,https://images.bestsellerclothing.in/data/vero-moda/april-01-2021/233553901_g4.jpg?width=1080&height=1355&mode=fill&fill=blur&format=auto",,,,Casual,2999,Plain Coloured,,,"{""SKU"": ""233553901-Black"", ""Color"": ""Black"", ""Fabric"": ""Polyurethane"", ""Pattern"": ""Plain Coloured"", ""Occasion"": ""Casual"", ""Care Instruction"": ""Machine wash"", ""Country of Origin"": ""India"", ""Name & Address of Manufacturer / Importer"": ""Miramoda Ltd 13A, No. 993 West Nanjing Road,Shanghai,200081""}",,,,Veromoda
Veromoda,Fashion,India,Black Asymmetric Flap Sling Bag,,https://www.veromoda.in/fashion-vm/fashion-accessories-vm/fashion-bags-belts-wallets-vm/233554001-black,"Miramoda Ltd 13A, No. 993 West Nanjing Road,Shanghai,200081",,,,,Accessories,,,Black Asymmetric Flap Sling Bag ,,INR,1400,(50% Off),Polyurethane,,,"https://images.bestsellerclothing.in/data/vero-moda/april-01-2021/233554001_g1.jpg?width=1080&height=1355&mode=fill&fill=blur&format=auto,https://images.bestsellerclothing.in/data/vero-moda/april-01-2021/233554001_g2.jpg?width=1080&height=1355&mode=fill&fill=blur&format=auto,https://images.bestsellerclothing.in/data/vero-moda/april-01-2021/233554001_g3.jpg?width=1080&height=1355&mode=fill&fill=blur&format=auto,https://images.bestsellerclothing.in/data/vero-moda/april-01-2021/233554001_g4.jpg?width=1080&height=1355&mode=fill&fill=blur&format=auto",,,,Casual,2799,Plain Coloured,,,"{""SKU"": ""233554001-Black"", ""Color"": ""Black"", ""Fabric"": ""Polyurethane"", ""Pattern"": ""Plain Coloured"", ""Occasion"": ""Casual"", ""Care Instruction"": ""Machine wash"", ""Country of Origin"": ""India"", ""Name & Address of Manufacturer / Importer"": ""Miramoda Ltd 13A, No. 993 West Nanjing Road,Shanghai,200081""}",,,,Veromoda
Veromoda,Fashion,China,Green Backpack,,https://www.veromoda.in/fashion-vm/fashion-accessories-vm/fashion-bags-belts-wallets-vm/212973101-ivy-green,"Elegant Supreme Limited26/F.,Beautiful Group Tower,,Hong Kong,999077",,,,,Accessories,,,Green Backpack,,INR,1650,(50% Off),PU,,Regular,"https://images.bestsellerclothing.in/data/vero-moda/03-fab-2021/212973101_g1.jpg?width=1080&height=1355&mode=fill&fill=blur&format=auto,https://images.bestsellerclothing.in/data/vero-moda/03-fab-2021/212973101_g0.jpg?width=1080&height=1355&mode=fill&fill=blur&format=auto,https://images.bestsellerclothing.in/data/vero-moda/03-fab-2021/212973101_g2.jpg?width=1080&height=1355&mode=fill&fill=blur&format=auto,https://images.bestsellerclothing.in/data/vero-moda/03-fab-2021/212973101_g3.jpg?width=1080&height=1355&mode=fill&fill=blur&format=auto,https://images.bestsellerclothing.in/data/vero-moda/03-fab-2021/212973101_g4.jpg?width=1080&height=1355&mode=fill&fill=blur&format=auto",,,,Casual,3299,Plain Coloured,,,"{""SKU"": ""212973101-Ivy-Green"", ""Color"": ""Green"", ""Fabric"": ""PU"", ""Pattern"": ""Plain Coloured"", ""Fit"": ""Regular"", ""Occasion"": ""Casual"", ""Care Instruction"": ""Wipe With Coton Cloth"", ""Country of Origin"": ""China"", ""Name & Address of Manufacturer / Importer"": ""Elegant Supreme Limited26/F.,Beautiful Group Tower,,Hong Kong,999077""}",,,,Veromoda
Veromoda,Fashion,China,"Women's lime yellow wallet made with PU leather, has a zip closure, extra compartments.",,https://www.veromoda.in/fashion-vm/fashion-accessories-vm/fashion-bags-belts-wallets-vm/224682502-yarrow,"Elegant Supreme Limited26/F.,Beautiful Group Tower,,Hong Kong,999077",,,,,Accessories,,,Yellow PU Wallet,,INR,1259,(30% Off),100% Polyurethane,,,"https://images.bestsellerclothing.in/data/vero-moda/oct-21-2021/224682502_g1.jpg?width=1080&height=1355&mode=fill&fill=blur&format=auto,https://images.bestsellerclothing.in/data/vero-moda/oct-21-2021/224682502_g0.JPG?width=1080&height=1355&mode=fill&fill=blur&format=auto,https://images.bestsellerclothing.in/data/vero-moda/oct-21-2021/224682502_g2.jpg?width=1080&height=1355&mode=fill&fill=blur&format=auto,https://images.bestsellerclothing.in/data/vero-moda/oct-21-2021/224682502_g3.jpg?width=1080&height=1355&mode=fill&fill=blur&format=auto,https://images.bestsellerclothing.in/data/vero-moda/oct-21-2021/224682502_g4.jpg?width=1080&height=1355&mode=fill&fill=blur&format=auto",,,,Casual,1799,Plain coloured,,,"{""SKU"": ""224682502-Yarrow"", ""Color"": ""Blue"", ""Fabric"": ""100% Polyurethane"", ""Pattern"": ""Plain coloured"", ""Occasion"": ""Casual"", ""Care Instruction"": ""Wipe with Clothe"", ""Country of Origin"": ""China"", ""Name & Address of Manufacturer / Importer"": ""Elegant Supreme Limited26/F.,Beautiful Group Tower,,Hong Kong,999077""}",,,,Veromoda
Veromoda,Fashion,China,Tan Backpack,,https://www.veromoda.in/fashion-vm/fashion-accessories-vm/fashion-bags-belts-wallets-vm/212973201-madder-brown,"Elegant Supreme Limited26/F.,Beautiful Group Tower,,Hong Kong,999077",,,,,Accessories,,,Tan Backpack,,INR,1750,(50% Off),PU,,Regular,"https://images.bestsellerclothing.in/data/vero-moda/09-feb-2021/212973201_g1.jpg?width=1080&height=1355&mode=fill&fill=blur&format=auto,https://images.bestsellerclothing.in/data/vero-moda/09-feb-2021/212973201_g0.jpg?width=1080&height=1355&mode=fill&fill=blur&format=auto,https://images.bestsellerclothing.in/data/vero-moda/09-feb-2021/212973201_g2.jpg?width=1080&height=1355&mode=fill&fill=blur&format=auto,https://images.bestsellerclothing.in/data/vero-moda/09-feb-2021/212973201_g3.jpg?width=1080&height=1355&mode=fill&fill=blur&format=auto,https://images.bestsellerclothing.in/data/vero-moda/09-feb-2021/212973201_g4.jpg?width=1080&height=1355&mode=fill&fill=blur&format=auto,https://images.bestsellerclothing.in/data/vero-moda/09-feb-2021/212973201_g5.jpg?width=1080&height=1355&mode=fill&fill=blur&format=auto",,,,Casual,3499,Plain Coloured,,,"{""SKU"": ""212973201-Madder-Brown"", ""Color"": ""Brown"", ""Fabric"": ""PU"", ""Pattern"": ""Plain Coloured"", ""Fit"": ""Regular"", ""Occasion"": ""Casual"", ""Care Instruction"": ""Wipe with Cotton Cloth"", ""Country of Origin"": ""China"", ""Name & Address of Manufacturer / Importer"": ""Elegant Supreme Limited26/F.,Beautiful Group Tower,,Hong Kong,999077""}",,,,Veromoda
Veromoda,Fashion,China,Black Backpack,,https://www.veromoda.in/fashion-vm/fashion-accessories-vm/fashion-bags-belts-wallets-vm/213026801-black,"Kerisse Handbag Company Limited Flat B5, 6/F, Blk B,,Kowloon,000000",,,,,Accessories,,,Black Backpack,,INR,1750,(50% Off),Polyurethane,,,"https://images.bestsellerclothing.in/data/vero-moda/march-23-2021/213026801_g1.jpg?width=1080&height=1355&mode=fill&fill=blur&format=auto,https://images.bestsellerclothing.in/data/vero-moda/march-23-2021/213026801_g0.jpg?width=1080&height=1355&mode=fill&fill=blur&format=auto,https://images.bestsellerclothing.in/data/vero-moda/march-23-2021/213026801_g2.jpg?width=1080&height=1355&mode=fill&fill=blur&format=auto,https://images.bestsellerclothing.in/data/vero-moda/march-23-2021/213026801_g3.jpg?width=1080&height=1355&mode=fill&fill=blur&format=auto,https://images.bestsellerclothing.in/data/vero-moda/march-23-2021/213026801_g4.jpg?width=1080&height=1355&mode=fill&fill=blur&format=auto",,,,Casual,3499,Plain Coloured,,,"{""SKU"": ""213026801-Black"", ""Color"": ""Black"", ""Fabric"": ""Polyurethane"", ""Pattern"": ""Plain Coloured"", ""Occasion"": ""Casual"", ""Care Instruction"": ""Wipe with cotton Cloth"", ""Country of Origin"": ""China"", ""Name & Address of Manufacturer / Importer"": ""Kerisse Handbag Company Limited Flat B5, 6/F, Blk B,,Kowloon,000000""}",,,,Veromoda
Veromoda,Fashion,China,"Mustard solid two fold wallet with a button closure,1 main compartment, 6 card holders, 1 ID card holder, 2 slip pockets, has a zip coin pocket.",,https://www.veromoda.in/fashion-vm/fashion-accessories-vm/fashion-bags-belts-wallets-vm/205640901-golden-nugget,"Elegant Supreme Limited 26/F.,Beautiful Group Tower,,Hong Kong,999077",,,,,Accessories,,,Mustard Two-Fold Wallet,,INR,1399,(30% Off),100%Polyurethane%%%,,,"https://images.bestsellerclothing.in/data/vero-moda/nov-15-2021/205640901_g1.jpg?width=1080&height=1355&mode=fill&fill=blur&format=auto,https://images.bestsellerclothing.in/data/vero-moda/nov-15-2021/205640901_g0.JPG?width=1080&height=1355&mode=fill&fill=blur&format=auto,https://images.bestsellerclothing.in/data/vero-moda/nov-15-2021/205640901_g2.jpg?width=1080&height=1355&mode=fill&fill=blur&format=auto,https://images.bestsellerclothing.in/data/vero-moda/nov-15-2021/205640901_g3.jpg?width=1080&height=1355&mode=fill&fill=blur&format=auto,https://images.bestsellerclothing.in/data/vero-moda/nov-15-2021/205640901_g4.jpg?width=1080&height=1355&mode=fill&fill=blur&format=auto",,,,,1999,Plain coloured,,,"{""SKU"": ""205640901-Golden Nugget"", ""Color"": ""Yellow"", ""Fabric"": ""100%Polyurethane%%%"", ""Pattern"": ""Plain coloured"", ""Care Instruction"": ""Wipe with clothe"", ""Country of Origin"": ""China"", ""Name & Address of Manufacturer / Importer"": ""Elegant Supreme Limited 26/F.,Beautiful Group Tower,,Hong Kong,999077""}",,,,Veromoda
Veromoda,Fashion,China,Black Textured Hobo Bag,,https://www.veromoda.in/fashion-vm/fashion-accessories-vm/fashion-bags-belts-wallets-vm/234094801-black,"Hk Q & Y Accessories Co., Ltd Plaza CaoYang Road, PuTuo,Shanghai,200333",,,,,Accessories,,,Black Textured Hobo Bag,,INR,1750,(50% Off),Polyester-Polyurethane Coated,,,"https://images.bestsellerclothing.in/data/vero-moda/march-23-2021/234094801_g1.jpg?width=1080&height=1355&mode=fill&fill=blur&format=auto,https://images.bestsellerclothing.in/data/vero-moda/march-23-2021/234094801_g0.jpg?width=1080&height=1355&mode=fill&fill=blur&format=auto,https://images.bestsellerclothing.in/data/vero-moda/march-23-2021/234094801_g2.jpg?width=1080&height=1355&mode=fill&fill=blur&format=auto,https://images.bestsellerclothing.in/data/vero-moda/march-23-2021/234094801_g3.jpg?width=1080&height=1355&mode=fill&fill=blur&format=auto,https://images.bestsellerclothing.in/data/vero-moda/march-23-2021/234094801_g4.jpg?width=1080&height=1355&mode=fill&fill=blur&format=auto,https://images.bestsellerclothing.in/data/vero-moda/march-23-2021/234094801_g5.jpg?width=1080&height=1355&mode=fill&fill=blur&format=auto",,,,Casual,3499,Self-Design,,,"{""SKU"": ""234094801-Black"", ""Color"": ""Black"", ""Fabric"": ""Polyester-Polyurethane Coated"", ""Pattern"": ""Self-Design"", ""Occasion"": ""Casual"", ""Care Instruction"": ""Wipe with cotton Cloth"", ""Country of Origin"": ""China"", ""Name & Address of Manufacturer / Importer"": ""Hk Q & Y Accessories Co., Ltd Plaza CaoYang Road, PuTuo,Shanghai,200333""}",,,,Veromoda
Veromoda,Fashion,India,Black Contrast Detail Crossbody Bag,,https://www.veromoda.in/fashion-vm/fashion-accessories-vm/fashion-bags-belts-wallets-vm/211327401-black,"VERO MODA RETAIL PRIVATE LIMITED, 4TH FLOOR, THE LALIT MUMBAI, SAHAR AIRPORT ROAD SAHAR ANDHERI-EAST, 400 059 MUMBAI, INDIA",,,,,Accessories,,,Black Contrast Detail Crossbody Bag,,INR,1000,(50% Off),100% Polyester -Polyurethane Coated,,,"https://images.bestsellerclothing.in/data/vero-moda/march-07-2020/211327401_g1.JPG?width=1080&height=1355&mode=fill&fill=blur&format=auto,https://images.bestsellerclothing.in/data/vero-moda/march-07-2020/211327401_g0.JPG?width=1080&height=1355&mode=fill&fill=blur&format=auto,https://images.bestsellerclothing.in/data/vero-moda/march-07-2020/211327401_g2.JPG?width=1080&height=1355&mode=fill&fill=blur&format=auto,https://images.bestsellerclothing.in/data/vero-moda/march-07-2020/211327401_g3.JPG?width=1080&height=1355&mode=fill&fill=blur&format=auto,https://images.bestsellerclothing.in/data/vero-moda/march-07-2020/211327401_g4.JPG?width=1080&height=1355&mode=fill&fill=blur&format=auto",,,,Casual,1999,Plain Coloured,,,"{""SKU"": ""211327401-Black"", ""Fabric"": ""100% Polyester -Polyurethane Coated"", ""Pattern"": ""Plain Coloured"", ""Occasion"": ""Casual"", ""Care Instruction"": ""Machine Wash"", ""Country of Origin"": ""India"", ""Name & Address of Manufacturer / Importer"": ""VERO MODA RETAIL PRIVATE LIMITED, 4TH FLOOR, THE LALIT MUMBAI, SAHAR AIRPORT ROAD SAHAR ANDHERI-EAST, 400 059 MUMBAI, INDIA""}",,,,Veromoda
Veromoda,Fashion,China,"Women's Pu wallet, tri-fold, press button closure.",,https://www.veromoda.in/fashion-vm/fashion-accessories-vm/fashion-bags-belts-wallets-vm/205641001-smoke-blue,"Elegant Supreme Limited26/F.,Beautiful Group Tower,,Hong Kong,999077",,,,,Accessories,,,Blue PU Wallet,,INR,1399,(30% Off),100% Polyurethane,,,"https://images.bestsellerclothing.in/data/vero-moda/oct-21-2021/205641001_g1.jpg?width=1080&height=1355&mode=fill&fill=blur&format=auto,https://images.bestsellerclothing.in/data/vero-moda/oct-21-2021/205641001_g0.JPG?width=1080&height=1355&mode=fill&fill=blur&format=auto,https://images.bestsellerclothing.in/data/vero-moda/oct-21-2021/205641001_g2.jpg?width=1080&height=1355&mode=fill&fill=blur&format=auto,https://images.bestsellerclothing.in/data/vero-moda/oct-21-2021/205641001_g3.jpg?width=1080&height=1355&mode=fill&fill=blur&format=auto,https://images.bestsellerclothing.in/data/vero-moda/oct-21-2021/205641001_g4.jpg?width=1080&height=1355&mode=fill&fill=blur&format=auto",,,,Casual,1999,Plain coloured,,,"{""SKU"": ""205641001-Smoke-Blue"", ""Color"": ""Blue"", ""Fabric"": ""100% Polyurethane"", ""Pattern"": ""Plain coloured"", ""Occasion"": ""Casual"", ""Care Instruction"": ""Wipe with Clothe"", ""Country of Origin"": ""China"", ""Name & Address of Manufacturer / Importer"": ""Elegant Supreme Limited26/F.,Beautiful Group Tower,,Hong Kong,999077""}",,,,Veromoda
